"How to instaall a stealth server?","Stealth Install"
"Installing stealth on Xbox 360 RGH?","Stealth Install"
"Steps to stealth setup?","Stealth Install"
"Can you help me install stealth?","Stealth Install"
"What's the process to install a stealth server?","Stealth Install"
"Installing stealth on Xbox 360 RGH?","Stealth Install"
"Help with installing stealth server","Stealth Install"
"Steps to stealth setup?","Stealth Install"
"Where do I start for stealth installation?","Stealth Install"
"Installing stealth on Xbox 360 RGH?","Stealth Install"
"Can you help me install stealth?","Stealth Install"
"What files needed for stealth install?","Stealth Install"
"Steps to stealth setup?","Stealth Install"
"Installing stealth on Xbox 360 RGH?","Stealth Install"
"What's the process to install a stealth server?","Stealth Install"
"Where do I start for stealth installation?","Stealth Install"
"How do I set up a stealth server for my RGH?","Stealth Install"
"Stealth install steps?","Stealth Install"
"Need guide for stealth install","Stealth Install"
"Need guide for stealth install","Stealth Install"
"It asks me for a update after boot, is that safe?","Dashboard Update Fear"
"Is updating dashboard safe on RGH?","Dashboard Update Fear"
"Dashboard update warning question","Dashboard Update Fear"
"Console prompts dashboard update, okay?","Dashboard Update Fear"
"I got a dashboard update prompt, what now?","Dashboard Update Fear"
"Console prompts dashboard update, okay?","Dashboard Update Fear"
"Should I allow the dashboard to update?","Dashboard Update Fear"
"Update after bootup concern","Dashboard Update Fear"
"I got a dashboard update prompt, what now?","Dashboard Update Fear"
"Console prompts dashboard update, okay?","Dashboard Update Fear"
"I got a dashboard update prompt, what now?","Dashboard Update Fear"
"Safe to apply update message?","Dashboard Update Fear"
"I got a dashboard update prompt, what now?","Dashboard Update Fear"
"Console prompts dashboard update, okay?","Dashboard Update Fear"
"RGH console wants to update, danger?","Dashboard Update Fear"
"Safe to apply update message?","Dashboard Update Fear"
"I got a dashboard update prompt, what now?","Dashboard Update Fear"
"Update screen appears on boot, skip it?","Dashboard Update Fear"
"Do I need to update my dashboard?","Dashboard Update Fear"
"Dashboard update warning question","Dashboard Update Fear"
"Trouble signing into xbox live","Error 80154002"
"Getting kicked when trying to sign into Xbox Live","Error 80154002"
"Xbox Live login issue with RGH","Error 80154002"
"Xbox Live login issue with RGH","Error 80154002"
"Live access failing, what error 80154002?","Error 80154002"
"Getting kicked when trying to sign into Xbox Live","Error 80154002"
"Xbox won't connect, 80154002 issue","Error 80154002"
"80154002 error pops up, fix?","Error 80154002"
"80154002 error pops up, fix?","Error 80154002"
"Xbox Live won't sign in, code 80154002","Error 80154002"
"Can't connect to Xbox Live, any fix?","Error 80154002"
"Problem logging in with error code 80154002","Error 80154002"
"Xbox Live fails with error 80154002","Error 80154002"
"Xbox Live fails with error 80154002","Error 80154002"
"80154002 error pops up, fix?","Error 80154002"
"Keep getting 80154002 when logging in","Error 80154002"
"Xbox Live login issue with RGH","Error 80154002"
"80154002 error pops up, fix?","Error 80154002"
"Can't connect to Xbox Live, any fix?","Error 80154002"
"Keep getting 80154002 when logging in","Error 80154002"
"Its allways asking to download Nuketown DLC","Nuketown DLC Loop"
"Nuketown keeps asking for install","Nuketown DLC Loop"
"DLC loop for Nuketown - fix?","Nuketown DLC Loop"
"Nuketown DLC stuck in download loop","Nuketown DLC Loop"
"Nuketown not recognized even after install","Nuketown DLC Loop"
"Game doesn't detect Nuketown DLC","Nuketown DLC Loop"
"Stuck on Nuketown DLC download loop","Nuketown DLC Loop"
"Redownloading Nuketown every time?","Nuketown DLC Loop"
"Game doesn't detect Nuketown DLC","Nuketown DLC Loop"
"Why does BO2 need Nuketown again and again?","Nuketown DLC Loop"
"Nuketown DLC stuck in download loop","Nuketown DLC Loop"
"Nuketown downloads but game asks again","Nuketown DLC Loop"
"Why does BO2 need Nuketown again and again?","Nuketown DLC Loop"
"Game always wants me to redownload Nuketown","Nuketown DLC Loop"
"Stuck on Nuketown DLC download loop","Nuketown DLC Loop"
"Why does BO2 need Nuketown again and again?","Nuketown DLC Loop"
"DLC loop for Nuketown - fix?","Nuketown DLC Loop"
"Nuketown downloads but game asks again","Nuketown DLC Loop"
"Nuketown DLC stuck in download loop","Nuketown DLC Loop"
"Redownloading Nuketown every time?","Nuketown DLC Loop"
"How do I inject a GSC menu?","GSC Menu Injection"
"Help with loading GSC menus","GSC Menu Injection"
"Can't inject GSC into game, help?","GSC Menu Injection"
"Can't inject GSC into game, help?","GSC Menu Injection"
"Best tools for GSC menu injection?","GSC Menu Injection"
"Inject GSC to mod BO2?","GSC Menu Injection"
"Injecting GSC menu tutorial?","GSC Menu Injection"
"Help with loading GSC menus","GSC Menu Injection"
"How do I load custom GSC scripts?","GSC Menu Injection"
"Inject GSC to mod BO2?","GSC Menu Injection"
"Best tools for GSC menu injection?","GSC Menu Injection"
"Menu won't inject, GSC issues","GSC Menu Injection"
"Can't inject GSC into game, help?","GSC Menu Injection"
"Help with loading GSC menus","GSC Menu Injection"
"Inject GSC to mod BO2?","GSC Menu Injection"
"Injecting GSC menu tutorial?","GSC Menu Injection"
"Steps for GSC injection","GSC Menu Injection"
"Can't inject GSC into game, help?","GSC Menu Injection"
"How to add GSC menus to BO2?","GSC Menu Injection"
"Injecting .gsc file into mod menu","GSC Menu Injection"
"Activating no kv mode","No KV Mode Activation"
"Enable no kv on stealth server","No KV Mode Activation"
"How to enable no KV mode?","No KV Mode Activation"
"Enable no kv on stealth server","No KV Mode Activation"
"Safe to run no KV mode?","No KV Mode Activation"
"Turn off KV requirement","No KV Mode Activation"
"How to enable no KV mode?","No KV Mode Activation"
"Turn on No KV mode?","No KV Mode Activation"
"Enable no kv on stealth server","No KV Mode Activation"
"Activating no kv mode steps?","No KV Mode Activation"
"Starting in no KV mode on RGH?","No KV Mode Activation"
"Turn on No KV mode?","No KV Mode Activation"
"How to enable no KV mode?","No KV Mode Activation"
"Activating no kv mode steps?","No KV Mode Activation"
"What is no kv mode and how to activate?","No KV Mode Activation"
"Turn on No KV mode?","No KV Mode Activation"
"Starting in no KV mode on RGH?","No KV Mode Activation"
"No KV mode instructions","No KV Mode Activation"
"Turn on No KV mode?","No KV Mode Activation"
"Switching console to no kv mode?","No KV Mode Activation"
"How I get and set a new KV?","Get and Set new KV"
"Changing your KV on RGH console","Get and Set new KV"
"Apply new KV on Xbox RGH?","Get and Set new KV"
"KV update method?","Get and Set new KV"
"Where to find new KVs and how to install?","Get and Set new KV"
"Apply new KV on Xbox RGH?","Get and Set new KV"
"KV setting and getting guide","Get and Set new KV"
"KV file change steps?","Get and Set new KV"
"KV update method?","Get and Set new KV"
"How to replace Xbox KV?","Get and Set new KV"
"Apply new KV on Xbox RGH?","Get and Set new KV"
"KV setting and getting guide","Get and Set new KV"
"Where to find new KVs and how to install?","Get and Set new KV"
"KV file change steps?","Get and Set new KV"
"How can I set up a new KV file?","Get and Set new KV"
"How do I change my KV?","Get and Set new KV"
"KV setting and getting guide","Get and Set new KV"
"KV file change steps?","Get and Set new KV"
"Instructions to install new KV file?","Get and Set new KV"
"KV setting and getting guide","Get and Set new KV"
"Where do I get RME menus like sunset?","RME Menu Download"
"Where to find Sunset RME menu?","RME Menu Download"
"Where to find Sunset RME menu?","RME Menu Download"
"Looking for RME menu files?","RME Menu Download"
"Get mod menus like RME Sunset?","RME Menu Download"
"Where to find Sunset RME menu?","RME Menu Download"
"Best site for RME menu downloads?","RME Menu Download"
"Where to find Sunset RME menu?","RME Menu Download"
"Safe download for RME menu?","RME Menu Download"
"Looking for RME menu files?","RME Menu Download"
"Download links for RME menus?","RME Menu Download"
"Where to grab RME mods?","RME Menu Download"
"Best site for RME menu downloads?","RME Menu Download"
"Download links for RME menus?","RME Menu Download"
"How to get RME mod menus?","RME Menu Download"
"How to get RME mod menus?","RME Menu Download"
"Where to find Sunset RME menu?","RME Menu Download"
"Where to find Sunset RME menu?","RME Menu Download"
"Sunset RME GSC menu download?","RME Menu Download"
"I need RME menu like Sunset","RME Menu Download"
"Unlock all on bo2 wont save","Save Unlock All"
"Unlocks revert after game close","Save Unlock All"
"BO2 unlock all progress not saving?","Save Unlock All"
"Unlock all resets after restart","Save Unlock All"
"Unlock all resets after restart","Save Unlock All"
"Unlock all doesn't stick","Save Unlock All"
"Unlocks revert after game close","Save Unlock All"
"Why isn't unlock all working?","Save Unlock All"
"Unlocks revert after game close","Save Unlock All"
"Everything locks back again after unlock","Save Unlock All"
"Can’t save unlocked content BO2","Save Unlock All"
"Unlock all resets after restart","Save Unlock All"
"Everything unlocked but doesn't save","Save Unlock All"
"Everything locks back again after unlock","Save Unlock All"
"Unlocks revert after game close","Save Unlock All"
"Progress lost after unlock all?","Save Unlock All"
"Unlocks revert after game close","Save Unlock All"
"Can’t save unlocked content BO2","Save Unlock All"
"Unlock tool not saving in BO2","Save Unlock All"
"Everything locks back again after unlock","Save Unlock All"
"which tools to use for cod?","COD Tool Download"
"Which COD mod tools should I use?","COD Tool Download"
"Looking for Call of Duty mod tools","COD Tool Download"
"Tool for COD mods?","COD Tool Download"
"Tool for COD mods?","COD Tool Download"
"Download tools for Call of Duty mods?","COD Tool Download"
"What’s the best COD menu tool?","COD Tool Download"
"What’s the best COD menu tool?","COD Tool Download"
"Which COD mod tools should I use?","COD Tool Download"
"What’s the best COD menu tool?","COD Tool Download"
"Safe COD tool download links?","COD Tool Download"
"What’s the best COD menu tool?","COD Tool Download"
"Best tools for BO2 modding?","COD Tool Download"
"Looking for Call of Duty mod tools","COD Tool Download"
"BO2 mod tools download?","COD Tool Download"
"What’s the best COD menu tool?","COD Tool Download"
"What’s the best COD menu tool?","COD Tool Download"
"Where can I get COD tools?","COD Tool Download"
"COD tool suggestions?","COD Tool Download"
"Safe COD tool download links?","COD Tool Download"
"I was offhost kicked on bo2","RME Options"
"Using RME and got kicked","RME Options"
"Kicked while using RME options","RME Options"
"Kicked while using RME options","RME Options"
"Got kicked offhost with RME","RME Options"
"Why am I offhost kicked in BO2?","RME Options"
"RME kicked me out mid game","RME Options"
"Why am I offhost kicked in BO2?","RME Options"
"Got kicked offhost with RME","RME Options"
"Got kicked offhost with RME","RME Options"
"Why am I offhost kicked in BO2?","RME Options"
"Kicked while using RME options","RME Options"
"Kicked while using RME options","RME Options"
"Why am I offhost kicked in BO2?","RME Options"
"Kicked while using RME options","RME Options"
"RME kicked me out mid game","RME Options"
"Why am I offhost kicked in BO2?","RME Options"
"RME kicked me out mid game","RME Options"
"Why am I offhost kicked in BO2?","RME Options"
"RME kicked me out mid game","RME Options"
"which menus are good for gta 4","GTA4/GTA5 menu Downloads"
"What are good GTA mod menus?","GTA4/GTA5 menu Downloads"
"Best GTA4 menus?","GTA4/GTA5 menu Downloads"
"Where do I find GTA4 or GTA5 mod menus?","GTA4/GTA5 menu Downloads"
"Safe GTA mod menu sites?","GTA4/GTA5 menu Downloads"
"Where do I find GTA4 or GTA5 mod menus?","GTA4/GTA5 menu Downloads"
"Good menus to install for GTA 5?","GTA4/GTA5 menu Downloads"
"What are good GTA mod menus?","GTA4/GTA5 menu Downloads"
"What are good GTA mod menus?","GTA4/GTA5 menu Downloads"
"Good menus to install for GTA 5?","GTA4/GTA5 menu Downloads"
"What are good GTA mod menus?","GTA4/GTA5 menu Downloads"
"Where do I find GTA4 or GTA5 mod menus?","GTA4/GTA5 menu Downloads"
"Safe GTA mod menu sites?","GTA4/GTA5 menu Downloads"
"Good menus to install for GTA 5?","GTA4/GTA5 menu Downloads"
"Safe GTA mod menu sites?","GTA4/GTA5 menu Downloads"
"What are good GTA mod menus?","GTA4/GTA5 menu Downloads"
"Good menus to install for GTA 5?","GTA4/GTA5 menu Downloads"
"Safe GTA mod menu sites?","GTA4/GTA5 menu Downloads"
"Best GTA4 menus?","GTA4/GTA5 menu Downloads"
"Good menus to install for GTA 5?","GTA4/GTA5 menu Downloads"
"when starting the console i allways crash","Bypass Plugins"
"My console boots into crash screen","Bypass Plugins"
"Freezing when I turn on Xbox","Bypass Plugins"
"My console boots into crash screen","Bypass Plugins"
"Console crashes right after booting","Bypass Plugins"
"Startup crash on RGH","Bypass Plugins"
"Freezing when I turn on Xbox","Bypass Plugins"
"Freezing when I turn on Xbox","Bypass Plugins"
"Startup crash on RGH","Bypass Plugins"
"Startup crash on RGH","Bypass Plugins"
"Console crashes right after booting","Bypass Plugins"
"My console boots into crash screen","Bypass Plugins"
"My console boots into crash screen","Bypass Plugins"
"Freezing when I turn on Xbox","Bypass Plugins"
"I crash on startup every time","Bypass Plugins"
"Freezing when I turn on Xbox","Bypass Plugins"
"Console crashes right after booting","Bypass Plugins"
"My console boots into crash screen","Bypass Plugins"
"Freezing when I turn on Xbox","Bypass Plugins"
"I crash on startup every time","Bypass Plugins"
"Getting error 80154002","Some Account Security Setting"
"My Xbox says 80154002","Some Account Security Setting"
"What does error 80154002 mean?","Some Account Security Setting"
"What does error 80154002 mean?","Some Account Security Setting"
"My Xbox says 80154002","Some Account Security Setting"
"My Xbox says 80154002","Some Account Security Setting"
"Error 80154002 on login","Some Account Security Setting"
"My Xbox says 80154002","Some Account Security Setting"
"Error 80154002 on login","Some Account Security Setting"
"Error 80154002 on login","Some Account Security Setting"
"Error 80154002 on login","Some Account Security Setting"
"Error 80154002 on login","Some Account Security Setting"
"My Xbox says 80154002","Some Account Security Setting"
"My Xbox says 80154002","Some Account Security Setting"
"Always error 80154002 with profiles","Some Account Security Setting"
"Error 80154002 on login","Some Account Security Setting"
"Always error 80154002 with profiles","Some Account Security Setting"
"What does error 80154002 mean?","Some Account Security Setting"
"What does error 80154002 mean?","Some Account Security Setting"
"Can't login, getting error 80154002","Some Account Security Setting"
"crashing after joining a game and when looking at classes","Freeze Classes"
"Class menu causes freeze","Freeze Classes"
"Crash when viewing loadouts","Freeze Classes"
"Class menu causes freeze","Freeze Classes"
"Crash when viewing loadouts","Freeze Classes"
"Instant freeze when checking classes","Freeze Classes"
"Class menu causes freeze","Freeze Classes"
"Class menu causes freeze","Freeze Classes"
"My game crashes looking at classes","Freeze Classes"
"Instant freeze when checking classes","Freeze Classes"
"Class menu causes freeze","Freeze Classes"
"Opening class menu freezes everything","Freeze Classes"
"Class menu causes freeze","Freeze Classes"
"Opening class menu freezes everything","Freeze Classes"
"My game crashes looking at classes","Freeze Classes"
"Class menu causes freeze","Freeze Classes"
"Opening class menu freezes everything","Freeze Classes"
"Instant freeze when checking classes","Freeze Classes"
"My game crashes looking at classes","Freeze Classes"
"Class menu causes freeze","Freeze Classes"
"loading loop when joining a game","Map Stat Loop"
"Game won’t start, loading forever","Map Stat Loop"
"Infinite loading when joining game","Map Stat Loop"
"Joining game causes loop","Map Stat Loop"
"Infinite load after searching","Map Stat Loop"
"Stuck in loading screen","Map Stat Loop"
"Infinite load after searching","Map Stat Loop"
"Stuck in loading screen","Map Stat Loop"
"Game won’t start, loading forever","Map Stat Loop"
"Game won’t start, loading forever","Map Stat Loop"
"Stuck in loading screen","Map Stat Loop"
"Joining game causes loop","Map Stat Loop"
"Infinite load after searching","Map Stat Loop"
"Stuck in loading screen","Map Stat Loop"
"Game won’t start, loading forever","Map Stat Loop"
"Game won’t start, loading forever","Map Stat Loop"
"Game won’t start, loading forever","Map Stat Loop"
"Stuck in loading screen","Map Stat Loop"
"Joining game causes loop","Map Stat Loop"
"Joining game causes loop","Map Stat Loop"
"Cant find any games","Search Settings and DLC"
"Game search finds no lobbies","Search Settings and DLC"
"No games show up when searching","Search Settings and DLC"
"Game search finds no lobbies","Search Settings and DLC"
"Can’t find matches in multiplayer","Search Settings and DLC"
"No games show up when searching","Search Settings and DLC"
"No games show up when searching","Search Settings and DLC"
"Possible DLC mismatch?","Search Settings and DLC"
"BO2 matchmaking broken?","Search Settings and DLC"
"Possible DLC mismatch?","Search Settings and DLC"
"No games show up when searching","Search Settings and DLC"
"Can’t find matches in multiplayer","Search Settings and DLC"
"BO2 matchmaking broken?","Search Settings and DLC"
"No games show up when searching","Search Settings and DLC"
"Can’t find matches in multiplayer","Search Settings and DLC"
"Can’t find matches in multiplayer","Search Settings and DLC"
"BO2 matchmaking broken?","Search Settings and DLC"
"Can’t find matches in multiplayer","Search Settings and DLC"
"BO2 matchmaking broken?","Search Settings and DLC"
"Possible DLC mismatch?","Search Settings and DLC"
"for god menu remake what are the binds?","God Menu Remake Binds"
"Controls for god menu remake?","God Menu Remake Binds"
"How to open god menu remake?","God Menu Remake Binds"
"What buttons activate god menu?","God Menu Remake Binds"
"God menu combo?","God Menu Remake Binds"
"God menu combo?","God Menu Remake Binds"
"How to open god menu remake?","God Menu Remake Binds"
"What buttons activate god menu?","God Menu Remake Binds"
"How to open god menu remake?","God Menu Remake Binds"
"What buttons activate god menu?","God Menu Remake Binds"
"God menu combo?","God Menu Remake Binds"
"Controls for god menu remake?","God Menu Remake Binds"
"God menu combo?","God Menu Remake Binds"
"How to open god menu remake?","God Menu Remake Binds"
"GMR binds and buttons?","God Menu Remake Binds"
"Controls for god menu remake?","God Menu Remake Binds"
"How to open god menu remake?","God Menu Remake Binds"
"Controls for god menu remake?","God Menu Remake Binds"
"GMR binds and buttons?","God Menu Remake Binds"
"How to open god menu remake?","God Menu Remake Binds"
"How i deactivate SNET?","Deactivate SNET"
"Deactivate stealth network","Deactivate SNET"
"Stop SNET from loading?","Deactivate SNET"
"How to remove SNET?","Deactivate SNET"
"How to remove SNET?","Deactivate SNET"
"Deactivate stealth network","Deactivate SNET"
"Disable stealth net?","Deactivate SNET"
"Turn off snet boot?","Deactivate SNET"
"How to remove SNET?","Deactivate SNET"
"Deactivate stealth network","Deactivate SNET"
"Stop SNET from loading?","Deactivate SNET"
"Deactivate stealth network","Deactivate SNET"
"Turn off snet boot?","Deactivate SNET"
"Disable stealth net?","Deactivate SNET"
"Deactivate stealth network","Deactivate SNET"
"Deactivate stealth network","Deactivate SNET"
"Stop SNET from loading?","Deactivate SNET"
"Stop SNET from loading?","Deactivate SNET"
"Disable stealth net?","Deactivate SNET"
"Disable stealth net?","Deactivate SNET"
"I crash when loading stealth with aurora","Aurora Stealth Crash"
"Aurora doesn't work with stealth","Aurora Stealth Crash"
"Crash on stealth start with Aurora","Aurora Stealth Crash"
"Stealth breaks Aurora","Aurora Stealth Crash"
"Stealth breaks Aurora","Aurora Stealth Crash"
"Aurora doesn't work with stealth","Aurora Stealth Crash"
"Stealth breaks Aurora","Aurora Stealth Crash"
"Aurora doesn't work with stealth","Aurora Stealth Crash"
"Aurora doesn't work with stealth","Aurora Stealth Crash"
"Aurora crashing when stealth starts","Aurora Stealth Crash"
"Stealth breaks Aurora","Aurora Stealth Crash"
"Crash on stealth start with Aurora","Aurora Stealth Crash"
"Crash on stealth start with Aurora","Aurora Stealth Crash"
"Crash on stealth start with Aurora","Aurora Stealth Crash"
"Aurora doesn't work with stealth","Aurora Stealth Crash"
"Aurora crashing when stealth starts","Aurora Stealth Crash"
"Crash on stealth start with Aurora","Aurora Stealth Crash"
"Crash on stealth start with Aurora","Aurora Stealth Crash"
"Crash combo with Aurora and stealth","Aurora Stealth Crash"
"Crash on stealth start with Aurora","Aurora Stealth Crash"
"How I reflash my NAND?","Reflash NAND"
"Tools for NAND reflash?","Reflash NAND"
"Tools for NAND reflash?","Reflash NAND"
"Reflashing RGH safely","Reflash NAND"
"How do I dump and flash NAND?","Reflash NAND"
"How do I dump and flash NAND?","Reflash NAND"
"NAND reflash method?","Reflash NAND"
"Tools for NAND reflash?","Reflash NAND"
"How do I dump and flash NAND?","Reflash NAND"
"NAND reflash method?","Reflash NAND"
"Steps to reflash NAND?","Reflash NAND"
"Steps to reflash NAND?","Reflash NAND"
"Tools for NAND reflash?","Reflash NAND"
"Tools for NAND reflash?","Reflash NAND"
"Reflashing RGH safely","Reflash NAND"
"NAND reflash method?","Reflash NAND"
"NAND reflash method?","Reflash NAND"
"NAND reflash method?","Reflash NAND"
"Steps to reflash NAND?","Reflash NAND"
"Steps to reflash NAND?","Reflash NAND"
"Verify my console on xbGuard discord","Verify Console on xbguard"
"xbGuard discord verification help?","Verify Console on xbguard"
"Console verification on discord?","Verify Console on xbguard"
"How to verify with xbguard?","Verify Console on xbguard"
"Where to verify my console?","Verify Console on xbguard"
"Where to verify my console?","Verify Console on xbguard"
"xbGuard discord verification help?","Verify Console on xbguard"
"xbGuard discord verification help?","Verify Console on xbguard"
"Getting verified on xbguard?","Verify Console on xbguard"
"Getting verified on xbguard?","Verify Console on xbguard"
"How to verify with xbguard?","Verify Console on xbguard"
"xbGuard discord verification help?","Verify Console on xbguard"
"Console verification on discord?","Verify Console on xbguard"
"Where to verify my console?","Verify Console on xbguard"
"Getting verified on xbguard?","Verify Console on xbguard"
"Console verification on discord?","Verify Console on xbguard"
"xbGuard discord verification help?","Verify Console on xbguard"
"Getting verified on xbguard?","Verify Console on xbguard"
"Getting verified on xbguard?","Verify Console on xbguard"
"Getting verified on xbguard?","Verify Console on xbguard"
"is there a RME menu for mw2/mw3 or ghosts?","RME for other cods"
"RME for MW3?","RME for other cods"
"RME for MW3?","RME for other cods"
"RME for MW3?","RME for other cods"
"Can I get RME on other games?","RME for other cods"
"Is there RME for ghosts?","RME for other cods"
"RME for MW3?","RME for other cods"
"RME for MW3?","RME for other cods"
"Can I get RME on other games?","RME for other cods"
"Can I get RME on other games?","RME for other cods"
"RME for MW3?","RME for other cods"
"Can I get RME on other games?","RME for other cods"
"Is there RME for ghosts?","RME for other cods"
"Is there RME for ghosts?","RME for other cods"
"MW2 RME menu?","RME for other cods"
"RME for MW3?","RME for other cods"
"Is there RME for ghosts?","RME for other cods"
"Other RME mods?","RME for other cods"
"MW2 RME menu?","RME for other cods"
"Can I get RME on other games?","RME for other cods"
"Where do I get RCE menu?","RCE menu"
"Where can I find RCE?","RCE menu"
"Need RCE mod menu","RCE menu"
"Download RCE menu?","RCE menu"
"Where’s RCE for BO2?","RCE menu"
"Download RCE menu?","RCE menu"
"Download RCE menu?","RCE menu"
"Download RCE menu?","RCE menu"
"Link for RCE menu?","RCE menu"
"Need RCE mod menu","RCE menu"
"Download RCE menu?","RCE menu"
"Where’s RCE for BO2?","RCE menu"
"Link for RCE menu?","RCE menu"
"Link for RCE menu?","RCE menu"
"Where can I find RCE?","RCE menu"
"Where’s RCE for BO2?","RCE menu"
"Download RCE menu?","RCE menu"
"Where’s RCE for BO2?","RCE menu"
"Download RCE menu?","RCE menu"
"Where can I find RCE?","RCE menu"
"xbGuard doesnt load","xbGuard Not Loading"
"Why isn’t xbGuard starting?","xbGuard Not Loading"
"xbguard stuck on boot","xbGuard Not Loading"
"Nothing happens with xbGuard","xbGuard Not Loading"
"xbguard stuck on boot","xbGuard Not Loading"
"xbGuard broken after install","xbGuard Not Loading"
"xbGuard fails to launch","xbGuard Not Loading"
"xbGuard broken after install","xbGuard Not Loading"
"Why isn’t xbGuard starting?","xbGuard Not Loading"
"xbGuard fails to launch","xbGuard Not Loading"
"Why isn’t xbGuard starting?","xbGuard Not Loading"
"Why isn’t xbGuard starting?","xbGuard Not Loading"
"Why isn’t xbGuard starting?","xbGuard Not Loading"
"Nothing happens with xbGuard","xbGuard Not Loading"
"Nothing happens with xbGuard","xbGuard Not Loading"
"Nothing happens with xbGuard","xbGuard Not Loading"
"Nothing happens with xbGuard","xbGuard Not Loading"
"Why isn’t xbGuard starting?","xbGuard Not Loading"
"xbGuard fails to launch","xbGuard Not Loading"
"Nothing happens with xbGuard","xbGuard Not Loading"
"how to get a vpn on console","VPN for console"
"How to use VPN for stealth?","VPN for console"
"Can I set up VPN on Xbox?","VPN for console"
"How to use VPN for stealth?","VPN for console"
"VPN method for console?","VPN for console"
"Can I set up VPN on Xbox?","VPN for console"
"VPN method for console?","VPN for console"
"Secure stealth with VPN?","VPN for console"
"Use VPN on RGH?","VPN for console"
"How to use VPN for stealth?","VPN for console"
"Can I set up VPN on Xbox?","VPN for console"
"VPN method for console?","VPN for console"
"Secure stealth with VPN?","VPN for console"
"Use VPN on RGH?","VPN for console"
"VPN method for console?","VPN for console"
"How to use VPN for stealth?","VPN for console"
"How to use VPN for stealth?","VPN for console"
"Secure stealth with VPN?","VPN for console"
"VPN method for console?","VPN for console"
"VPN method for console?","VPN for console"
"i installed xbGuard and it loads up Proto","Fake xbGuard Website"
"Proto instead of xbGuard?","Fake xbGuard Website"
"Did I install the wrong xbGuard?","Fake xbGuard Website"
"Installed fake xbGuard","Fake xbGuard Website"
"Proto instead of xbGuard?","Fake xbGuard Website"
"xbGuard download leads to Proto","Fake xbGuard Website"
"Proto instead of xbGuard?","Fake xbGuard Website"
"Proto instead of xbGuard?","Fake xbGuard Website"
"xbGuard download leads to Proto","Fake xbGuard Website"
"Proto instead of xbGuard?","Fake xbGuard Website"
"Installed fake xbGuard","Fake xbGuard Website"
"xbGuard download leads to Proto","Fake xbGuard Website"
"Did I install the wrong xbGuard?","Fake xbGuard Website"
"Installed fake xbGuard","Fake xbGuard Website"
"xbGuard download leads to Proto","Fake xbGuard Website"
"Fake xbGuard download?","Fake xbGuard Website"
"Proto instead of xbGuard?","Fake xbGuard Website"
"Proto instead of xbGuard?","Fake xbGuard Website"
"Proto instead of xbGuard?","Fake xbGuard Website"
"Fake xbGuard download?","Fake xbGuard Website"
"where can I buy a RGH","Buy A RGH"
"Safe RGH buy?","Buy A RGH"
"Looking to buy an RGH console","Buy A RGH"
"Safe RGH buy?","Buy A RGH"
"Where to purchase RGH?","Buy A RGH"
"RGH console shops?","Buy A RGH"
"Looking to buy an RGH console","Buy A RGH"
"RGH console shops?","Buy A RGH"
"Trusted RGH sellers?","Buy A RGH"
"Safe RGH buy?","Buy A RGH"
"Safe RGH buy?","Buy A RGH"
"Where to purchase RGH?","Buy A RGH"
"RGH console shops?","Buy A RGH"
"Looking to buy an RGH console","Buy A RGH"
"RGH console shops?","Buy A RGH"
"RGH console shops?","Buy A RGH"
"Where to purchase RGH?","Buy A RGH"
"Safe RGH buy?","Buy A RGH"
"Safe RGH buy?","Buy A RGH"
"Where to purchase RGH?","Buy A RGH"
"I wanna use a tool but it wont connect to the console","Tool Connecting To Console"
"Mod tool won’t link to console","Tool Connecting To Console"
"BO2 tool not connecting","Tool Connecting To Console"
"Mod tool won’t link to console","Tool Connecting To Console"
"Tool can’t detect my Xbox","Tool Connecting To Console"
"Tool not connecting to IP","Tool Connecting To Console"
"BO2 tool not connecting","Tool Connecting To Console"
"Tool not connecting to IP","Tool Connecting To Console"
"Mod tool won’t link to console","Tool Connecting To Console"
"Mod tool won’t link to console","Tool Connecting To Console"
"BO2 tool not connecting","Tool Connecting To Console"
"How to get tools working with console?","Tool Connecting To Console"
"Tool can’t detect my Xbox","Tool Connecting To Console"
"Mod tool won’t link to console","Tool Connecting To Console"
"Tool not connecting to IP","Tool Connecting To Console"
"BO2 tool not connecting","Tool Connecting To Console"
"BO2 tool not connecting","Tool Connecting To Console"
"BO2 tool not connecting","Tool Connecting To Console"
"Tool not connecting to IP","Tool Connecting To Console"
"Tool not connecting to IP","Tool Connecting To Console"
"should I delete XAAM? Whats XAM?","XAM"
"Do I need XAAM?","XAM"
"Can I remove XAAM?","XAM"
"Can I remove XAAM?","XAM"
"What’s XAM do?","XAM"
"XAM safe to delete?","XAM"
"XAM safe to delete?","XAM"
"XAM safe to delete?","XAM"
"What’s XAM do?","XAM"
"What’s XAM do?","XAM"
"Can I remove XAAM?","XAM"
"Do I need XAAM?","XAM"
"What’s XAM do?","XAM"
"Can I remove XAAM?","XAM"
"What’s XAM do?","XAM"
"Do I need XAAM?","XAM"
"What’s XAM do?","XAM"
"XAAM delete or not?","XAM"
"XAM safe to delete?","XAM"
"XAAM delete or not?","XAM"